,nmi,ari,vm,sc1b,sc2,sc3
0,0.8338442480036649,0.652742545941068,0.833844248003665,0.75,0.08161350680691964,0.571936
